{
	"menu_id" : "dodge_change_options",
	"parent_menu_id" : "blt_options",
	"title" : "dodge_change_options_title",
	"description" : "dodge_change_options_desc",
	"items" : [
		{
			"type" : "multiple_choice",
			"id" : "dodge_change_multi_choice",
			"title" : "dodge_change_choice_title",
			"description" : "dodge_change_choice_desc",
			"callback" : "callback_dodge_change_choice",
			"items" : [
				"dodge_change_no_change",
				"dodge_change_none",
				"dodge_change_loads"
			],
			"value" : "dodge_change_choice"
		}
	]
}
